{"chunk_definitions":[{"chunk_id":"c6zqo8sj75m1j","chunk_label":"load","document_id":"45870102","expansion_state":0,"options":{"engine":"r","label":"load"},"row":59,"row_count":1,"visible":true},{"chunk_id":"czfrdqse2e0cc","chunk_label":"raster","document_id":"45870102","expansion_state":0,"options":{"engine":"r","label":"raster"},"row":110,"row_count":1,"visible":true},{"chunk_id":"c170vuczno5l9","chunk_label":"alpha","document_id":"45870102","expansion_state":0,"options":{"engine":"r","label":"alpha"},"row":128,"row_count":1,"visible":true},{"chunk_id":"c8tbc15mxvjgn","chunk_label":"phylo","document_id":"45870102","expansion_state":0,"options":{"engine":"r","label":"phylo"},"row":151,"row_count":1,"visible":true},{"chunk_id":"c6le7bm1ef4fx","chunk_label":"pd","document_id":"45870102","expansion_state":0,"options":{"engine":"r","label":"pd"},"row":187,"row_count":1,"visible":true}],"chunk_rendered_width":700,"default_chunk_options":{},"doc_write_time":1596560380,"working_dir":null}